怡,吉
文,吉
婷,吉
雅,吉
佳,吉
君,吉
志,吉
嘉,吉
俊,吉
家,吉
宏,吉
偉,N/A
明,吉
慧,吉
欣,吉
宜,吉
惠,吉
彥,N/A
如,吉
瑋,N/A
宇,吉
豪,吉
芳,吉
建,吉
雯,吉
佩,凶
育,吉
柏,吉
凱,N/A
智,吉
哲,吉
宗,吉
維,N/A
銘,N/A
傑,N/A
淑,吉
玲,吉
冠,吉
穎,N/A
玉,吉
翔,吉
瑜,吉
華,N/A
廷,吉
孟,吉
政,吉
儀,N/A
安,吉
仁,吉
郁,吉
涵,吉
子,吉
靜,N/A
翰,吉
美,吉
國,N/A
庭,吉
思,吉
軒,N/A
珊,吉
賢,N/A
珮,N/A
瑩,N/A
霖,吉
儒,吉
蓉,吉
正,吉
瑞,吉
鈞,N/A
秀,吉
鴻,N/A
倫,N/A
伶,吉
盈,吉
琪,吉
萱,吉
威,吉
元,吉
佑,吉
信,吉
德,吉
立,吉
聖,N/A
詩,N/A
世,吉
婉,吉
潔,N/A
昱,吉
鈺,N/A
樺,N/A
敏,吉
姿,吉
榮,N/A
承,吉
慈,吉
曉,N/A
奕,吉
芬,吉
書,N/A
逸,吉
萍,吉
馨,吉
士,凶
真,吉
毅,吉
祥,吉
茹,吉
中,吉
筱,吉
琳,吉
菁,吉
弘,吉
良,吉
博,吉
娟,吉
慶,N/A
芸,吉
勳,吉
依,吉
達,N/A
心,吉
永,吉
恩,吉
韋,N/A
成,吉
峰,吉
毓,吉
杰,吉
緯,N/A
宛,吉
昌,吉
振,吉
璇,吉
麗,N/A
于,吉
妤,吉
忠,吉
青,吉
誠,N/A
裕,吉
龍,N/A
均,吉
民,吉
淳,吉
貞,N/A
旻,吉
容,吉
純,N/A
平,吉
皓,吉
品,吉
耀,吉
昇,吉
寧,N/A
勝,N/A
憲,N/A
浩,吉
靖,吉
啟,N/A
吟,吉
英,吉
莉,吉
辰,吉
韻,N/A
薇,吉
健,吉
綺,N/A
蕙,吉
瑄,吉
仲,吉
秋,吉
秉,吉
群,吉
祐,N/A
修,吉
亭,吉
珍,吉
揚,N/A
昭,吉
琦,吉
任,吉
益,吉
源,吉
光,吉
詠,N/A
玟,凶
景,吉
富,吉
駿,N/A
柔,吉
泰,吉
閔,N/A
羽,吉
輝,N/A
堯,N/A
雲,N/A
琬,吉
峻,吉
蓁,凶
伊,吉
禎,N/A
燕,吉
千,吉
易,吉
東,N/A
巧,吉
鳳,N/A
昀,吉
致,吉
培,吉
晴,吉
漢,N/A
伯,吉
睿,吉
芝,吉
敬,吉
義,N/A
亞,N/A
方,吉
興,N/A
翊,吉
清,吉
鈴,N/A
筠,吉
玫,吉
一,吉
瓊,N/A
隆,吉
丞,吉
倩,吉
麟,吉
晏,吉
岳,吉
湘,吉
崇,吉
帆,吉
臻,吉
強,N/A
欽,N/A
展,吉
沛,吉
雄,吉
尚,吉
雨,吉
晉,N/A
名,吉
竹,吉
甫,吉
旭,吉
喬,N/A
澤,N/A
諭,N/A
宣,吉
俐,吉
斌,吉
凡,吉
紹,N/A
泓,吉
學,N/A
筑,吉
甄,吉
舒,吉
坤,吉
謙,N/A
梅,吉
若,吉
璋,吉
舜,吉
全,吉
琇,凶
遠,N/A
奇,吉
俞,吉
芷,吉
映,吉
盛,吉
金,吉
虹,吉
懿,吉
蘭,N/A
婕,吉
新,吉
碩,N/A
乃,吉
彬,吉
仕,吉
媛,吉
融,吉
孝,吉
豐,N/A
錦,N/A
意,吉
嵐,N/A
諺,N/A
至,吉
彰,吉
淵,N/A
天,吉
吉,吉
尹,吉
昕,吉
大,吉
云,吉
祺,吉
汝,吉
順,N/A
瑾,吉
瀚,凶
松,吉
榕,吉
姵,吉
力,吉
又,吉
幸,吉
和,吉
齡,N/A
昆,吉
男,吉
人,吉
憶,N/A
之,吉
勇,吉
捷,吉
陽,N/A
晨,吉
原,吉
以,凶
齊,N/A
超,吉
為,N/A
誼,N/A
采,吉
雪,吉
朝,吉
鑫,吉
恆,N/A
鵬,N/A
菱,吉
兆,吉
長,N/A
卉,吉
惟,凶
邦,吉
卿,吉
生,吉
楷,吉
竣,吉
香,吉
亮,吉
亦,吉
誌,N/A
妍,吉
春,吉
程,吉
銓,N/A
煒,N/A
綸,N/A
暐,吉
愷,N/A
素,吉
其,吉
小,吉
瑛,吉
紋,N/A
姍,N/A
妮,吉
碧,吉
季,吉
福,吉
汶,吉
治,吉
鋒,N/A
妙,吉
暉,N/A
綾,N/A
桂,吉
鼎,吉
勛,N/A
晟,吉
叡,吉
禹,吉
星,吉
可,吉
聰,N/A
寬,N/A
煜,吉
洋,吉
億,N/A
翎,吉
騰,N/A
淇,吉
月,吉
鎮,N/A
呈,吉
宥,吉
貴,N/A
桓,吉
棋,吉
利,吉
茵,吉
茜,吉
凌,吉
懷,N/A
羿,吉
寶,N/A
妏,吉
岑,吉
岱,吉
麒,吉
瑤,N/A
進,N/A
璟,吉
屏,吉
嫻,N/A
琮,吉
蘋,N/A
友,吉
章,吉
侑,凶
念,吉
康,吉
蔚,吉
曜,吉
蓮,N/A
亨,吉
林,吉
延,吉
森,吉
恬,凶
權,N/A
上,吉
宸,吉
蓓,吉
琴,吉
函,吉
剛,N/A
煌,吉
耿,吉
茂,吉
彤,吉
玄,吉
允,吉
瀅,N/A
升,吉
勤,吉
劭,凶
少,吉
珈,吉
音,吉
介,吉
馥,吉
克,凶
南,吉
繼,N/A
霆,凶
年,吉
傳,N/A
錡,凶
昶,吉
苓,吉
曼,吉
葳,吉
渝,吉
蒨,吉
翠,吉
顯,N/A
禮,N/A
瑀,吉
百,吉
典,吉
善,吉
紀,N/A
榆,吉
肇,吉
羚,吉
迪,吉
炳,吉
霈,吉
煥,N/A
州,吉
有,吉
得,吉
賓,N/A
皇,吉
道,吉
洲,吉
綱,N/A
祖,吉
棠,吉
雁,吉
先,吉
紫,吉
霞,吉
重,吉
斐,吉
璿,吉
喻,吉
佐,吉
航,吉
錚,N/A
珠,吉
芃,凶
杏,吉
川,吉
梓,吉
恒,吉
武,吉
苑,吉
藝,N/A
孜,吉
評,N/A
定,吉
然,吉
曄,N/A
耕,吉
陵,吉
勻,N/A
言,吉
菀,吉
嫺,吉
震,吉
聿,凶
鳴,N/A
艾,吉
登,吉
希,吉
儷,N/A
韶,吉
予,吉
炫,吉
頤,N/A
薏,凶
基,吉
紘,吉
守,N/A
葦,N/A
堂,吉
棻,吉
歆,凶
能,吉
妃,吉
谷,吉
訓,N/A
崴,凶
彩,吉
資,N/A
陞,吉
珺,凶
山,吉
衡,吉
軍,N/A
仰,吉
乙,吉
聲,N/A
嬿,凶
加,吉
斯,吉
城,吉
熙,吉
海,吉
愛,N/A
螢,N/A
薰,吉
衍,吉
村,吉
科,吉
媚,吉
苡,凶
驊,N/A
浚,吉
胤,吉
夫,吉
唯,吉
微,吉
芊,凶
芯,吉
伸,吉
廣,N/A
則,N/A
丹,吉
祈,吉
厚,吉
卓,吉
鐘,N/A
奎,吉
發,N/A
淨,N/A
悅,N/A
玠,吉
勁,N/A
楓,N/A
譽,N/A
輔,N/A
燁,N/A
尉,吉
甯,吉
保,吉
津,吉
錫,N/A
璽,N/A
語,N/A
鎧,N/A
騏,N/A
雍,吉
郡,吉
沂,吉
暄,吉
夢,N/A
含,吉
倍,吉
硯,N/A
時,N/A
照,吉
業,N/A
穗,吉
霓,吉
運,N/A
澄,吉
懋,吉
寰,吉
幼,吉
堅,N/A
櫻,N/A
棟,N/A
昊,吉
忻,吉
合,吉
縈,N/A
楨,N/A
京,吉
樹,N/A
濬,吉
獻,N/A
禾,吉
璧,吉
晶,吉
貝,N/A
慕,吉
盟,吉
耘,吉
仙,吉
璁,吉
江,吉
行,吉
靈,N/A
敦,吉
絜,吉
逢,吉
日,吉
牧,吉
嬋,N/A
存,吉
本,吉
理,吉
徽,吉
顥,N/A
令,吉
雋,N/A
愉,吉
楚,吉
農,N/A
閎,N/A
相,吉
高,吉
同,吉
苹,吉
律,吉
茗,吉
沅,吉
譯,N/A
經,N/A
右,吉
旺,吉
才,吉
暘,N/A
崧,凶
蒼,N/A
衛,N/A
晃,吉
恭,吉
魁,吉
姝,吉
議,N/A
自,吉
泉,吉
玥,吉
汎,N/A
樵,凶
賀,N/A
凰,吉
貽,N/A
泳,吉
謹,N/A
葶,凶
萬,N/A
殷,吉
炯,吉
蕾,吉
頡,N/A
復,N/A
娜,吉
涓,吉
財,N/A
荃,吉
娥,吉
余,吉
澔,吉
助,吉
芹,吉
芮,吉
格,吉
倢,吉
沁,吉
頻,N/A
乾,吉
田,吉
唐,吉
眉,吉
釗,N/A
樂,N/A
崑,吉
倚,吉
淯,凶
增,吉
珣,凶
飛,N/A
琨,吉
今,吉
御,吉
芩,吉
稚,吉
弦,吉
鍾,N/A
邑,吉
鍵,N/A
頌,N/A
師,N/A
朋,吉
挺,凶
添,吉
潤,N/A
璘,吉
慎,吉
端,吉
偲,凶
烜,凶
丁,吉
開,N/A
秦,吉
昂,吉
濟,N/A
霙,吉
曦,凶
惇,凶
向,吉
圻,吉
炘,吉
楠,吉
旗,吉
笙,吉
豫,吉
鶴,N/A
滿,N/A
知,吉
洵,凶
枝,吉
珩,凶
徵,吉
鉦,N/A
儂,N/A
三,吉
協,N/A
丰,吉
濱,N/A
常,吉
嫚,吉
嵩,凶
絹,N/A
植,吉
期,吉
台,吉
翌,吉
貿,N/A
岡,N/A
銀,N/A
洪,吉
連,N/A
奐,N/A
滋,吉
霜,吉
藍,N/A
戎,吉
妘,凶
廉,吉
鑬,吉
蔓,吉
熹,吉
庚,吉
夙,吉
佾,凶
爾,N/A
靚,N/A
尊,吉
燦,N/A
享,吉
詔,N/A
申,吉
根,吉
臣,吉
嬅,吉
泊,吉
親,N/A
詮,N/A
圓,N/A
菡,吉
壬,吉
樑,N/A
弼,吉
爵,吉
應,N/A
溢,吉
倉,N/A
鐴,吉
琛,吉
錞,凶
璞,凶
熒,N/A
筌,吉
嫣,吉
莞,吉
侃,凶
歡,N/A
黛,吉
巍,吉
瑱,吉
璉,N/A
嶸,N/A
喜,吉
祿,N/A
僑,N/A
木,凶
穆,吉
彧,凶
菊,吉
居,吉
灝,N/A
竺,吉
琁,吉
磊,吉
雙,N/A
紅,N/A
倪,吉
証,N/A
媜,吉
杉,吉
諄,N/A
睦,吉
萩,吉
見,N/A
詒,N/A
聆,吉
適,N/A
淩,凶
怜,凶
壹,吉
濠,凶
臨,N/A
印,吉
河,吉
紜,N/A
賜,N/A
樟,吉
咨,吉
禕,吉
偵,N/A
鎂,N/A
彗,吉
濤,N/A
嚴,N/A
因,吉
淞,吉
主,吉
勵,N/A
竑,吉
芙,吉
姮,吉
旋,吉
沐,吉
燿,吉
玨,N/A
緒,N/A
嫈,吉
創,N/A
焜,凶
環,N/A
郎,吉
帝,吉
絢,N/A
太,吉
媺,吉
叔,吉
霏,吉
白,吉
屹,吉
榛,凶
菘,吉
必,吉
久,吉
潁,N/A
謀,N/A
吾,吉
舟,吉
箴,吉
璨,吉
匡,吉
瑢,吉
綿,N/A
蒂,吉
貫,N/A
玹,凶
陳,N/A
鉅,N/A
蘊,N/A
翼,吉
代,吉
憓,吉
琄,凶
詳,N/A
艷,N/A
荷,吉
倖,N/A
功,吉
風,N/A
禧,吉
池,吉
韓,N/A
荏,吉
澐,吉
顗,吉
棨,吉
炎,吉
贊,N/A
湧,N/A
漪,吉
湄,吉
頎,N/A
溱,凶
境,吉
琍,吉
溥,凶
瀛,凶
璐,凶
鏡,N/A
兒,N/A
壕,吉
珀,吉
縉,N/A
幃,N/A
鎔,N/A
柄,吉
聯,N/A
迺,N/A
淙,吉
法,吉
賦,N/A
嬌,N/A
寅,吉
在,凶
詣,N/A
猷,凶
範,N/A
楹,凶
垣,吉
宴,吉
攸,吉
競,N/A
羲,凶
緣,N/A
量,吉
里,吉
舫,凶
躍,N/A
恕,凶
渟,吉
滄,N/A
稜,N/A
淮,吉
鋐,吉
足,吉
桐,吉
芫,凶
周,吉
洛,吉
壽,N/A
豊,吉
韡,吉
鎰,N/A
曲,吉
琤,凶
帥,N/A
瓏,N/A
侖,N/A
分,吉
策,吉
嬪,N/A
橋,N/A
玶,凶
韜,N/A
紳,N/A
園,N/A
鉉,N/A
聞,N/A
菖,凶
夏,吉
瑗,凶
玳,吉
薪,吉
越,吉
梵,吉
絲,N/A
巽,吉
鑑,N/A
晁,吉
濃,N/A
泱,吉
裴,吉
勃,吉
雰,吉
娸,吉
垂,吉
寒,吉
銜,N/A
煦,吉
朱,吉
璦,N/A
烈,吉
莊,N/A
米,吉
熏,凶
堉,吉
觀,N/A
堡,吉
繁,凶
官,吉
謦,吉
前,吉
榜,吉
溶,吉
澍,吉
襄,吉
珽,凶
鐸,N/A
祝,吉
玓,凶
序,吉
水,吉
逵,吉
駒,N/A
琡,凶
冬,吉
洳,凶
通,吉
司,吉
洺,吉
溫,N/A
醇,吉
來,N/A
巖,N/A
烽,吉
蕎,N/A
邵,吉
禪,N/A
緻,N/A
鵑,N/A
岐,凶
塵,N/A
而,吉
式,凶
棣,吉
錩,吉
玗,吉
餘,N/A
嶽,N/A
輯,N/A
洧,凶
后,吉
記,N/A
夆,吉
釧,N/A
仟,吉
驛,N/A
繹,N/A
莘,凶
浤,吉
起,吉
虔,吉
帛,吉
述,吉
衣,吉
峙,凶
佶,吉
黃,N/A
崙,N/A
祁,吉
宓,吉
憬,吉
枚,吉
擎,吉
咸,吉
笛,吉
淋,凶
鍇,N/A
材,吉
栩,吉
娉,吉
蒲,吉
壯,N/A
迎,吉
劍,N/A
諠,吉
圳,吉
皖,吉
拓,凶
銳,N/A
絮,吉
匯,N/A
蕓,N/A
楊,N/A
坪,吉
臺,N/A
驥,N/A
嗣,凶
煇,吉
慰,吉
作,吉
效,吉
再,吉
專,N/A
丕,吉
妗,吉
諾,N/A
李,吉
澧,凶
悌,吉
奉,吉
泯,吉
棉,吉
釋,N/A
萌,吉
笠,吉
執,N/A
庸,吉
臆,凶
葆,吉
鋼,N/A
界,吉
葉,N/A
姜,吉
崢,N/A
證,N/A
綠,N/A
桑,吉
蟬,N/A
初,吉
黎,吉
孫,N/A
於,吉
鄉,N/A
首,吉
杭,吉
茲,N/A
擇,N/A
錕,N/A
宙,吉
陸,N/A
從,N/A
普,吉
築,N/A
椿,吉
蒔,N/A
祉,吉
炤,吉
膺,凶
樞,N/A
張,N/A
冰,吉
嫆,吉
委,吉
葵,吉
紓,N/A
倬,吉
燊,吉
招,吉
肯,吉
菲,吉
勉,吉
阡,吉
徹,N/A
朗,吉
蜜,吉
多,吉
顏,N/A
樸,N/A
辛,吉
研,吉
波,吉
湞,N/A
與,N/A
蕊,吉
女,吉
緹,N/A
卜,吉
祚,凶
直,吉
赫,吉
竟,吉
諴,吉
揮,N/A
澂,吉
晞,N/A
模,吉
彙,N/A
柳,吉
泠,吉
甲,吉
濰,N/A
癸,吉
柱,吉
洸,吉
纓,N/A
槿,凶
坊,吉
圭,吉
綜,N/A
繡,N/A
瓔,N/A
絨,N/A
統,N/A
化,吉
旂,N/A
瑟,吉
雀,吉
席,吉
石,吉
霽,N/A
淼,凶
施,吉
約,N/A
淦,吉
孔,吉
姬,吉
茱,吉
珂,吉
岫,凶
嶔,吉
讚,N/A
教,吉
苾,凶
秩,吉
鐙,N/A
弈,吉
崎,凶
畯,吉
積,N/A
岷,凶
苗,吉
喨,吉
伍,吉
璠,凶
珞,吉
迦,吉
荻,吉
冀,吉
嬬,吉
侯,吉
公,吉
尤,吉
漳,凶
位,吉
礽,凶
府,吉
舉,N/A
媄,吉
薈,N/A
暖,吉
娣,吉
礎,N/A
圃,吉
隚,吉
衿,吉
瀠,N/A
諳,N/A
鏞,N/A
詞,N/A
穩,N/A
曙,吉
菽,凶
絃,N/A
砡,吉
鶯,N/A
禛,吉
剴,N/A
望,吉
懌,N/A
朕,凶
婧,凶
狄,吉
桀,凶
諒,N/A
節,N/A
劼,吉
俋,吉
引,吉
王,吉
九,吉
營,N/A
莛,吉
薔,N/A
己,吉
騫,N/A
非,吉
輿,N/A
苔,凶
員,N/A
岩,吉
湛,吉
潭,吉
瀧,N/A
嶢,吉
顓,N/A
履,吉
囿,吉
昉,凶
識,N/A
窈,吉
恂,凶
裔,吉
嶺,N/A
濡,吉
揆,吉
丘,吉
脩,N/A
卲,凶
宮,N/A
瑭,吉
蝶,吉
筆,N/A
諦,N/A
將,N/A
深,吉
旼,吉
彝,凶
贏,N/A
巨,吉
孚,吉
晢,吉
北,吉
殿,吉
忞,吉
棓,凶
露,吉
敘,N/A
巾,吉
樓,N/A
涴,凶
旬,吉
凝,吉
圜,吉
愈,吉
梨,吉
旅,凶
呂,N/A
特,凶
省,吉
果,吉
璜,吉
由,吉
竫,吉
旆,凶
造,吉
磬,凶
畇,吉
熠,吉
萃,吉
閣,N/A
集,吉
讌,吉
嶧,N/A
梧,吉
蔆,N/A
覺,N/A
虎,吉
地,吉
稟,N/A
潓,吉
實,N/A
讓,N/A
陶,吉
港,吉
槐,吉
圖,N/A
鋆,吉
皎,吉
訢,N/A
精,吉
遙,N/A
玎,吉
价,吉
優,N/A
寓,吉
郅,凶
皆,吉
鎬,N/A
浥,吉
罡,吉
嬛,吉
吏,凶
瓅,吉
情,吉
緗,N/A
歷,N/A
花,吉
吳,N/A
好,吉
燈,N/A
橙,吉
旖,吉
兼,吉
佰,吉
際,N/A
字,吉
豔,N/A
及,吉
會,N/A
渼,凶
恪,凶
雷,吉
鄭,N/A
陙,吉
論,N/A
頂,N/A
妡,吉
都,吉
乘,吉
鍠,吉
鋕,吉
許,N/A
弋,吉
曾,吉
釆,吉
皜,吉
潮,吉
阜,吉
庠,凶
浦,吉
楙,吉
煖,吉
垚,吉
莆,吉
勢,N/A
後,吉
蔭,N/A
熾,N/A
媗,吉
溪,吉
綵,N/A
似,凶
圍,N/A
軫,N/A
劉,N/A
也,吉
鈜,吉
蔡,吉
菩,吉
二,吉
峪,凶
勗,N/A
鉞,N/A
沿,凶
養,N/A
何,吉
簡,N/A
汪,吉
翡,吉
用,吉
舲,吉
央,吉
湖,吉
焄,吉
巡,吉
豈,N/A
選,N/A
藹,N/A
錄,N/A
鏵,N/A
愔,吉
繪,N/A
邁,N/A
梁,吉
旨,吉
